Site ID,Product,TY Vol,TY FM$,FM cpl,NM cpl
1703,MID,15333,3116.4600000000037,20.32547791737128,14.796925479035671
1703,PUL,37399,8254.129999999965,22.07063229092808,16.542079852592472
1703,RUL,887733,112799.06999999995,12.706414562083873,7.177862123748263
1704,MID,20670,4918.239999999994,23.794596180945604,19.191551104311603
1704,PUL,61821,15517.579999999958,25.100889526940495,20.497844450306495
1704,RUL,1403365,236442.79000000004,16.848272365552393,12.245227288918393
1705,MID,40123,7544.960000000014,18.804691223339294,13.523103599717384
1705,PUL,113142,24703.050000000032,21.833608793201908,16.552021169579998
1705,RUL,1451891,163654.01000000024,11.271782463094503,5.990194839472594
1706,MID,23543,4408.209999999996,18.723971977393823,13.38432458919316
1706,PUL,49572,10372.29,20.92376146828412,15.584114080083456
1706,RUL,1041603,119375.31000000029,11.460725926668285,6.1210785384676205
1708,MID,16982,3471.4100000000017,20.442114662773218,15.015012887252169
1708,PUL,41502,10014.229999999996,24.129415899146462,18.702314123625413
1708,RUL,917889,108429.8600000001,11.812960315204672,6.385858539683624
1709,MID,28502,5393.689999999999,18.92403087622211,14.061205970757147
1709,PUL,86517,18335.200000000055,21.192623706618292,16.32979880115333
1709,RUL,1264829,144759.2300000001,11.44496769134295,6.582142785877988
1710,MID,16414,3391.6300000000097,20.662502848105564,14.699851699229068
1710,PUL,49502,11135.739999999998,22.495590975356528,16.532939826480032
1710,RUL,968567,131452.98999999964,13.571908112827971,7.609256963951476
1711,MID,27587,5079.169999999998,18.411578715564396,13.420877100741487
1711,PUL,66352,13996.060000000021,21.09360053708577,16.10289892226286
1711,RUL,1023148,116508.29999999981,11.387235182663714,6.396533567840805
1712,MID,21755,4214.149999999994,19.370975919525485,14.316157902304772
1712,PUL,51374,11262.300000000017,21.922108979176986,16.86729096195627
1712,RUL,1008295,119845.38999999978,11.885950861717955,6.831132844497242
1714,MID,25942,4942.479999999992,19.05189815879859,13.885652876914419
1714,PUL,58133,12517.690000000024,21.53283190535315,16.366586623468976
1714,RUL,1049960,123361.3099999997,11.749142445285553,6.582897163401382
1715,MID,20579,4046.880000000013,19.665201556799367,13.23697763113303
1715,PUL,38185,8310.780000000006,21.764649946891133,15.336426021224796
1715,RUL,1236086,149209.1099999994,12.071093864732056,5.642869939065719
1716,MID,19426,3824.540000000002,19.68762761497941,14.446254300611919
1716,PUL,60473,14168.38000000002,23.429395744341708,18.188022429974218
1716,RUL,789285,92184.9400000003,11.679547194157434,6.438173879789944
1717,MID,43139,8630.209999999985,20.005714123447053,12.387771493166964
1717,PUL,95708,21255.650000000052,22.20879020126531,14.59084757098522
1717,RUL,1043125,115711.71999999997,11.092792909724846,3.474850279444757
1719,MID,57897,15971.509999999966,27.586070983390464,17.90880924048791
1719,PUL,138292,40560.65000000015,29.329614856698665,19.65235311379611
1719,RUL,1614026,313828.77999999974,19.443854733616508,9.766592990713953
1720,MID,76163,18186.58,23.87843849183414,16.014578494709365
1720,PUL,172320,44473.77999999988,25.80885517029928,17.944995173174508
1720,RUL,1713220,256582.59999999893,14.976630814854472,7.112770817729698
1722,MID,17792,5010.149999999996,28.159749692612635,18.914728508434706
1722,PUL,41784,12393.539999999986,29.660831573736594,20.415810389558665
1722,RUL,957720,195853.38,20.44995534296536,11.20493415878743
1723,MID,26547,8531.680000000015,32.13767071046963,18.888994911110284
1723,PUL,54591,18788.149999999994,34.41618459266689,21.167508793307544
1723,RUL,1274138,290789.8499999997,22.82247865228909,9.573802852929745
1724,MID,28264,6424.869999999999,22.731989690471423,18.11949097943992
1724,PUL,45585,11224.240000000002,24.622695532576817,20.010196821545314
1724,RUL,1315015,182180.66000000061,13.853881596072537,9.241382885041034
1725,MID,51360,10968.870000000032,21.356946801646934,16.168395776766587
1725,PUL,95336,21940.49000000005,23.013810148970663,17.825259124090316
1725,RUL,1557785,209488.04999999958,13.447815940450635,8.25926491557029
1726,MID,57000,14156.829999999973,24.836339940226413,16.13151442077675
1726,PUL,125201,33120.67999999999,26.454099138646807,17.749273619197144
1726,RUL,1401317,245269.15999999898,17.502765138795066,8.797939619345403
1727,MID,38992,8315.679999999978,21.326692909219748,15.957844265071984
1727,PUL,65920,15200.170000000056,23.058459595318027,17.689610951170263
1727,RUL,1211807,156943.07000000053,12.951156424913233,7.5823077807654675
1728,MID,14257,3702.7800000000093,25.972041957265056,20.914811984723396
1728,PUL,21324,6217.770000000004,29.159134901159895,24.101904928618236
1728,RUL,806730,128796.80000000016,15.965292357220594,10.908062384678935
1730,MID,35020,18080.83000000001,51.63003795947129,29.448938542747328
1730,PUL,66120,34745.58999999999,52.54909207237092,30.367992655646958
1730,RUL,1486559,670252.3500000001,45.08750688539818,22.906407468674217
1731,MID,31862,8501.480000000007,26.682258947357866,14.146413365696512
1731,PUL,63011,18138.49999999997,28.786024844774666,16.25017926311331
1731,RUL,1279819,218834.74000000046,17.09888511768916,4.563039536027807
1735,MID,13927,3109.1799999999994,22.32558206330577,17.499722769305144
1735,PUL,41999,10461.789999999994,24.909831599777092,20.083972305776467
1735,RUL,908871,127976.48999999987,14.080824202401523,9.254964908400897
1736,MID,28648,6463.380000000014,22.561656145319724,17.950157372191992
1736,PUL,68179,16599.589999999982,24.3469388365736,19.735440063445868
1736,RUL,1272235,183350.0699999996,14.411654842226037,9.800156069098305
1737,MID,11201,2340.240000000001,20.892237374682875,15.389582437318515
1737,PUL,30777,6993.990000000002,22.72502781009311,17.222372872728748
1737,RUL,562059,73336.46000000002,13.047826815574387,7.545171878210027
1738,MID,57246,12094.919999999976,21.127957767701773,16.940530597301315
1738,PUL,213372,49220.129999999976,23.067762798992753,18.880335628592295
1738,RUL,1258608,167016.96000000008,13.269972929715932,9.082545759315472
1739,MID,37846,9561.039999999986,25.26292181418671,20.61969181738307
1739,PUL,165926,43908.25,26.462610971789978,21.819380974986338
1739,RUL,1082155,197646.07999999996,18.26411522989991,13.62088523309627
1740,MID,33942,9228.160000000014,27.187787132509843,23.068140804243797
1740,PUL,86011,24708.460000000014,28.727134127466243,24.6074877992002
1740,RUL,1416568,293880.6200000001,20.74596110792921,16.62631477966317
1741,MID,19080,4181.870000000008,21.917779356992483,16.667411259850347
1741,PUL,43445,10461.680000000022,24.080423432510923,18.830055335368787
1741,RUL,820624,126182.81999999983,15.376438890953894,10.126070793811756
1742,MID,43946,11010.260000000002,25.05388734081316,20.32235576551538
1742,PUL,120721,31618.22999999998,26.191107712279944,21.459576136982164
1742,RUL,1414391,247847.55000000005,17.523265173094575,12.791733597796796
1743,MID,50965,12541.54,24.60812787497372,19.957777819442498
1743,PUL,130412,33905.8600000001,25.99907031431063,21.3487202587794
1743,RUL,1471510,257414.86999999965,17.493245870090686,12.84289581455946
1744,MID,38410,9560.450000000003,24.89070734081971,17.888330656581935
1744,PUL,105466,26789.789999999994,25.401447952669905,18.39907126843213
1744,RUL,1625520,296611.3800000002,18.247171027557542,11.244794343319768
1745,MID,34251,8274.679999999993,24.159157987354213,19.382959375026633
1745,PUL,78030,20011.62000000004,25.645907692381886,20.869709080054307
1745,RUL,1050565,178352.40000000026,16.976811095128383,12.200612482800803
1746,MID,52855,13827.080000000002,26.160398622609154,21.25514566229025
1746,PUL,139550,38685.09999999998,27.721276211882216,22.816023251563312
1746,RUL,1435878,282876.6300000006,19.700609924722286,14.795356964403382
1747,MID,24115,3840.4100000000108,15.92526044765943,11.319337225904803
1747,PUL,51819,9208.619999999994,17.770659528828233,13.164736307073607
1747,RUL,1116373,96334.17999999993,8.629207476054628,4.023284254300002
1748,MID,44616,13359.659999999989,29.943903510397877,22.969836574832232
1748,PUL,70935,24039.97000000001,33.89032327715211,26.916256341586468
1748,RUL,1192680,277331.9799999993,23.25284011547137,16.278773179905723
1749,MID,35745,7790.879999999994,21.79578553489542,17.25669035753249
1749,PUL,95771,23427.459999999992,24.461967363048977,19.92287218568605
1749,RUL,1218921,169101.00000000058,13.87300482983966,9.333909652476734
1750,MID,20682,4768.559999999998,23.056700250325342,16.86842509322141
1750,PUL,34492,8834.649999999994,25.613610153353157,19.425334996249227
1750,RUL,850402,128577.36999999988,15.119593201575851,8.931318044471919
1752,MID,72538,20513.49999999998,28.279845500656364,16.6586981276875
1752,PUL,137248,41344.84999999998,30.124289795159964,18.503142422191104
1752,RUL,1937887,385789.4899999998,19.907740877028306,8.286593504059445
1753,MID,21433,5122.579999999988,23.900404917159097,14.892682073047517
1753,PUL,43469,11218.689999999988,25.808236033893966,16.800513189782386
1753,RUL,1173200,182981.05999999982,15.596752917710816,6.589030073599236
1755,MID,33420,8230.350000000013,24.627351355718478,18.93966802897131
1755,PUL,63897,17484.21000000005,27.363313486561747,21.67563015981458
1755,RUL,1073756,176337.95999999996,16.422538196025723,10.734854869278557
1757,MID,55326,12665.969999999994,22.89342321689254,12.556028677529099
1757,PUL,160210,36190.98000000007,22.589736766160495,12.252342226797055
1757,RUL,827503,138114.55999999982,16.690521620689296,6.353127081325855
1758,MID,26423,8629.559999999996,32.6595213224942,20.194824154482298
1758,PUL,57306,19619.530000000028,34.23640201625485,21.771704848242948
1758,RUL,1195342,287278.8500000001,24.03318718021765,11.568490012205748
1759,MID,26691,8893.770000000004,33.321519012003044,21.847806434506385
1759,PUL,52405,18820.570000000025,35.91370925973559,24.43999668223893
1759,RUL,1313958,330216.1899999998,25.131413419753628,13.657700842256968
1760,MID,87574,24137.609999999957,27.56259764266208,13.408200092138504
1760,PUL,173040,50573.909999999894,29.226769232424626,15.07237168190105
1760,RUL,1415907,276590.85999999946,19.534539952385245,5.380142401861669
1761,MID,34649,9849.889999999985,28.42738607785395,17.427102730909716
1761,PUL,75017,24198.190000000017,32.25677019273892,21.256486845794683
1761,RUL,1006122,189818.80000000016,18.866377377535535,7.8660940305913005
1762,MID,21041,4424.530000000002,21.027657847989595,16.354929084398176
1762,PUL,41483,9999.649999999965,24.105462583022938,19.43273381943152
1762,RUL,1156490,134180.99000000043,11.602439015294202,6.929710251702782
1763,MID,32655,7514.750000000008,23.012446978507615,17.951468005837224
1763,PUL,48810,12416.690000000011,25.438686941719645,20.377707969049254
1763,RUL,1123360,156301.27999999988,13.913733371469997,8.852754398799606
1764,MID,50732,14812.93,29.198259087215106,16.187817913652317
1764,PUL,115327,35266.86999999998,30.580015380329463,17.569574206766674
1764,RUL,1611598,332259.2100000004,20.61675438545863,7.606313211895841
1765,MID,35353,7667.940000000002,21.689392290888147,16.50901327081074
1765,PUL,67458,15580.950000000012,23.09716430515033,17.916785285072926
1765,RUL,1310797,189432.74,14.451723167594754,9.271344147517349
1766,MID,32534,6200.499999999989,19.058264469389048,14.449055202511744
1766,PUL,72830,15749.919999999962,21.625587019243373,17.01637775236607
1766,RUL,1345840,136080.43999999936,10.111186972177713,5.501977705300408
1767,MID,28470,6283.269999999997,22.070133080028864,17.2341591124814
1767,PUL,74567,18365.500000000015,24.629412532823196,19.793438565275732
1767,RUL,1069683,148549.86999999976,13.8872841164755,9.051310148928039
1768,MID,31017,6903.3700000000135,22.256399387428953,17.425978856005777
1768,PUL,71579,17277.44999999999,24.137642421059404,19.307221889636228
1768,RUL,995209,138868.74,13.953720091460184,9.123299560037008
1769,MID,54365,10569.969999999994,19.44261774676784,14.70669029215625
1769,PUL,130550,28117.48000000001,21.537713319262302,16.80178586465071
1769,RUL,1970944,220538.01,11.18946361780023,6.453536163188638
1770,MID,36763,8034.279999999995,21.854356696696087,16.971789322787046
1770,PUL,92459,22387.720000000074,24.213779413517873,19.331212039608832
1770,RUL,1157507,161069.34999999974,13.9151922052686,9.03262483135956
1771,MID,15098,3123.510000000003,20.687788786135066,15.07496567709937
1771,PUL,38251,8733.400000000023,22.831630982450637,17.21880787341494
1771,RUL,1172425,149300.53000000003,12.734333865910056,7.121510756874359
1772,MID,49112,8418.44000000001,17.14142065018259,12.508877554796424
1772,PUL,105894,21078.679999999993,19.905470292124267,15.272927196738102
1772,RUL,1482869,131234.41000000061,8.850033345694502,4.217490250308337
1773,MID,33370,7666.049999999992,22.972753850345953,17.620983878892144
1773,PUL,80928,21492.420000000042,26.557449293092926,21.205679321639117
1773,RUL,1087169,154965.50000000047,14.254034926543655,8.902264955089846
1774,MID,25470,6712.180000000004,26.353149032444882,21.418433567075848
1774,PUL,61281,17691.219999999987,28.869211094281383,23.934495628912348
1774,RUL,592645,110075.53999999986,18.573599224616636,13.638883759247602
1775,MID,59124,13019.120000000017,22.02005773839671,17.088059009662125
1775,PUL,152842,35433.27999999994,23.18288414901056,18.250885420275978
1775,RUL,1427976,203051.62000000034,14.219542105839317,9.28754337710473
1776,MID,60490,14043.589999999975,23.2163560068619,18.555798972804602
1776,PUL,127090,31152.78999999998,24.512385502692233,19.851828468634935
1776,RUL,1597201,251367.51000000024,15.73800330687295,11.077446272815653
1777,MID,52484,13401.259999999987,25.533839034913125,20.349974277288176
1777,PUL,163292,43816.360000000015,26.833187346095567,21.649322588470618
1777,RUL,1074929,200506.93999999994,18.65304804499025,13.4691832873653
1778,MID,44187,11308.999999999978,25.593357866204148,20.454147929729334
1778,PUL,95695,25697.10999999997,26.85310221546703,21.713892278992216
1778,RUL,1012901,180455.75000000012,17.815734810939066,12.676524874464253
1779,MID,17674,4123.639999999999,23.33169476672604,17.808887052232077
1779,PUL,42469,10865.650000000038,25.585020719330604,20.06221300483664
1779,RUL,812479,125271.67000000025,15.418456500325034,9.89564878583107
1781,MID,6038,1421.6100000000008,23.543391261217046,18.321889021657924
1781,PUL,30837,7627.960000000003,24.736139436286763,19.51463719672764
1781,RUL,630269,98607.99000000034,15.645375840979353,10.42387360142023
1782,MID,15044,3505.779999999995,23.30274296345604,17.682918616583123
1782,PUL,45062,11326.800000000017,25.13608165263106,19.516257305758145
1782,RUL,1036324,159177.6100000001,15.359830457039195,9.740006110166279
1783,MID,15599,3863.4899999999907,24.76685219256917,20.071008918746863
1783,PUL,32786,8798.379999999997,26.83564196406819,22.139798690245883
1783,RUL,954052,155181.21000000008,16.26547985114144,11.569636577319132
1784,MID,31736,6833.100000000002,21.531262175753728,16.811995272709925
1784,PUL,81151,18648.300000000047,22.97984157620847,18.26057467316467
1784,RUL,1253541,181211.1900000003,14.455944689003905,9.736677785960104
1785,MID,32459,7018.6700000000055,21.623115559621404,17.06394857280236
1785,PUL,116608,26875.709999999963,23.04784585815807,18.488678871339026
1785,RUL,1669166,239206.77000000025,14.330918701385166,9.77175171456612
1786,MID,38699,9699.729999999996,25.064601933712915,20.47456903213987
1786,PUL,121471,33110.57000000001,27.2580270811699,22.667994179596853
1786,RUL,1188542,216406.80000000016,18.20775949233019,13.617726590757144
1787,MID,12884,2837.4199999999955,22.023054888355645,17.437770868436232
1787,PUL,41850,9362.500000000018,22.371495085642664,17.78621106572325
1787,RUL,756828,108475.45999999993,14.332906320460758,9.747622300541346
1788,MID,31815,7234.460000000006,22.738938786450923,18.413162217209422
1788,PUL,95332,24108.459999999977,25.2888361527204,20.9630595834789
1788,RUL,964438,142779.69000000018,14.804438643707593,10.478662074466094
2904,MID,12236,2322.269999999999,18.97851558190336,13.817009086824989
2904,PUL,24903,5002.980000000014,20.089975985496025,14.928469490417655
2904,RUL,805581,93490.90000000002,11.605403999570521,6.44389750449215
2905,MID,9232,2396.029999999998,25.95385449450462,19.861891614342735
2905,PUL,23138,6438.46000000001,27.82653869159789,21.734575811436006
2905,RUL,471426,83751.23000000021,17.765499755132478,11.673536874970594
2906,MID,12402,3054.1100000000024,24.626910502466856,19.598739818736
2906,PUL,32618,8472.749999999996,25.97592319876582,20.947752515034963
2906,RUL,713844,117857.72999999998,16.510286775686538,11.482116091955684
2917,MID,10822,2030.460000000004,18.763150866836796,13.286834240721607
2917,PUL,17550,3776.750000000002,21.520104880560936,16.043788254445747
2917,RUL,600927,62558.77999999993,10.410377599580297,4.934060973465107
2926,MID,19915,6482.730000000004,32.55149581934621,19.463137631678073
2926,PUL,38963,13615.759999999995,34.945394292425405,21.85703610475727
2926,RUL,747594,173494.14000000013,23.206985931964958,10.118627744296822
2928,MID,,,,-7.421816326295745
2928,PUL,,,,-7.421816326295745
2928,RUL,277554,48188.100000000035,17.361721228276046,9.939904901980302
2932,MID,9664,2746.9300000000017,28.42289671154124,16.19028818024212
2932,PUL,18963,5694.169999999998,30.027843216728677,17.795234685429556
2932,RUL,408684,75431.37000000005,18.457124936219113,6.224516404919992
2933,MID,10940,3055.020000000002,27.925075365217385,22.21824777534822
2933,PUL,26113,7939.9100000000035,30.406054871526457,24.699227281657294
2933,RUL,392531,73606.14999999997,18.751666029753473,13.044838439884309
2934,MID,17343,4758.009999999996,27.435064429596885,21.480553016216597
2934,PUL,26874,8082.790000000008,30.076523913392716,24.122012500012428
2934,RUL,817676,153077.64,18.72107208559412,12.766560672213831
2935,MID,25572,6473.360000000004,25.314297477173454,15.77532202926306
2935,PUL,51200,14099.40999999999,27.537873582511622,17.998898134601227
2935,RUL,914001,153773.59999999986,16.82423263328088,7.285257185370485
2947,MID,8286,1588.8400000000017,19.174110003617997,14.23792917985829
2947,PUL,32388,6648.96000000001,20.529027166188982,15.592846342429274
2947,RUL,472561,59587.44999999984,12.609462553243153,7.6732817294834454
2951,MID,35164,4737.260000000013,13.471726085273286,7.823094492781106
2951,PUL,85544,11709.520000000048,13.688291956700024,8.039660364207844
2951,RUL,1181149,132381.18999999983,11.207835692397698,5.559204099905518
2960,MID,4471,935.8200000000007,20.93122501637246,16.059712802272447
2960,PUL,20439,4518.229999999996,22.10555614293043,17.234043928830417
2960,RUL,500136,65883.9200000001,13.173205999172168,8.301693785072157
3766,MID,24706,6279.830000000013,25.418163380315484,18.33904924974305
3766,PUL,51818,14250.779999999999,27.50161874352155,20.42250461294912
3766,RUL,1034714,186232.8700000007,17.99848896591052,10.919374835338088
3767,MID,23978,4661.610000000001,19.441102044881266,14.494043035491327
3767,PUL,50331,11240.140000000036,22.332535981658378,17.38547697226844
3767,RUL,649305,72958.85999999981,11.23644934419059,6.28939033480065
3769,MID,28379,6419.659999999989,22.621460064947424,17.955880271229265
3769,PUL,81364,19594.61,24.082527468239352,19.416947674521193
3769,RUL,864369,133002.12999999977,15.387198879740982,10.721619086022823
3772,MID,22259,5345.55000000001,24.015536206131603,14.796192417498563
3772,PUL,47612,12337.210000000021,25.91223611797166,16.69289232933862
3772,RUL,851896,123402.6399999999,14.485640183808737,5.266296395175697
3773,MID,13098,3907.379999999999,29.83211049099473,19.611155937378687
3773,PUL,22389,7418.419999999995,33.134183657768325,22.913229104152283
3773,RUL,451011,90409.82999999978,20.046024214942083,9.82506966132604
3774,MID,8200,2313.8800000000015,28.21770810328023,24.08002234950225
3774,PUL,21983,6826.999999999993,31.056024941622653,26.918339187844673
3774,RUL,462688,87262.84000000026,18.85998600645827,14.722300252680292
3777,MID,9251,1379.7900000000022,14.915465086338035,7.827523007159925
3777,PUL,13690,2199.3600000000024,16.065274380870527,8.977332301692417
3777,RUL,416239,27200.28000000007,6.534768432509671,-0.553173646668438
3778,MID,12775,3237.9700000000007,25.346753929820476,17.526743157109443
3778,PUL,37034,10154.939999999988,27.420267372273077,19.600256599562044
3778,RUL,632696,105581.87999999989,16.68762529543152,8.867614522720487
3780,MID,63686,19408.58000000004,30.475425353282564,22.271903309816018
3780,PUL,94478,29988.899999999983,31.74158224752549,23.538060204058944
3780,RUL,1332911,299094.56999999995,22.439193296130664,14.235671252664119
3781,MID,13387,3959.100000000003,29.573347818604272,21.585831870066908
3781,PUL,26271,8208.220000000001,31.243997738981825,23.25648179044446
3781,RUL,409170,85862.4800000001,20.984552440371512,12.997036491834148
3782,MID,14651,4140.609999999996,28.261352240259242,23.50322166234452
3782,PUL,29388,9081.560000000005,30.901998590525693,26.14386801261097
3782,RUL,742835,139473.29000000015,18.77580146977041,14.017670891855687
3783,MID,7519,2348.3999999999996,31.23430155146058,21.935311027631776
3783,PUL,14468,4574.240000000003,31.615257936627273,22.316267412798474
3783,RUL,387655,89419.3500000001,23.066761313476768,13.767770789647967
3784,MID,9255,2397.8900000000062,25.90899862529068,21.462345728707472
3784,PUL,17113,4925,28.77855065959854,24.331897763015334
3784,RUL,393161,64009.76999999973,16.280822752769804,11.834169856186598
3785,MID,26679,5688.130000000019,21.320779349632957,14.911855737565743
3785,PUL,69864,16800.25,24.04695395612167,17.638030344054457
3785,RUL,881670,107459.74999999988,12.188212166657358,5.779288554590144
3802,MID,20169,3949.0499999999956,19.579458002445556,14.87597811708477
3802,PUL,59802,13174.960000000028,22.030980284277973,17.327500398917188
3802,RUL,890627,105673.17000000004,11.865030880064984,7.161550994704199
3805,MID,10151,2658.510000000001,26.188359448534428,20.355001005036026
3805,PUL,25446,7174.599999999988,28.19581301647876,22.362454572980358
3805,RUL,623759,120525.03000000003,19.322380965377434,13.489022521879033
3808,MID,7886,1857.6499999999994,23.55646958690044,18.64550629559569
3808,PUL,15608,4006.1699999999964,25.667843369241343,20.756880077936593
3808,RUL,325758,53203.42999999987,16.332169433283113,11.421206141978363
3809,MID,23907,6849.3700000000135,28.6499432093348,24.386972422886018
3809,PUL,52900,16071.540000000015,30.380899137783135,26.117928351334353
3809,RUL,956759,200271.42999999947,20.93227784512234,16.669307058673557
3810,MID,13313,3293.8899999999994,24.74190640727109,20.22346378274325
3810,PUL,24792,6594.100000000009,26.5980489896848,22.079606365156955
3810,RUL,488572,83739.86,17.139720467598227,12.621277843070384
3812,MID,9516,2122.020000000004,22.30062749086576,18.084117442024876
3812,PUL,27420,6641.249999999985,24.220083232842498,20.003573184001613
3812,RUL,408481,61649.65999999968,15.092410913254412,10.875900864413527
3813,MID,22415,5128.0400000000045,22.877833189864706,18.13977747091588
3813,PUL,47629,11647.169999999991,24.45372586767728,19.715670148728456
3813,RUL,849980,133083.97999999975,15.657311743854388,10.919256024905561
3816,MID,14925,3406.719999999998,22.825412648301153,17.843905779770882
3816,PUL,24429,6229.789999999994,25.501949941546144,20.520443073015873
3816,RUL,632570,93771.52000000014,14.823889350187667,9.842382481657395
3817,MID,16639,3644.460000000002,21.902729538557413,17.93846959466694
3817,PUL,37528,8975.439999999988,23.91683690755933,19.952576963668857
3817,RUL,691936,100859.5199999999,14.576430815767141,10.612170871876668
3820,MID,17208,3426.5600000000045,19.91273186681574,13.636365521679553
3820,PUL,35516,7865.330000000005,22.14608618067308,15.869719835536893
3820,RUL,771901,94470.2900000005,12.238654438450151,5.962288093313964
3821,MID,10835,2348.2400000000043,21.673167337038727,17.290952198345142
3821,PUL,22264,5229.339999999987,23.488028935873213,19.10581379717963
3821,RUL,491746,69626.65000000011,14.15907529269655,9.776860154002964
3822,MID,6621,1407.5700000000013,21.259268466815538,17.00875390819538
3822,PUL,41123,9602.449999999983,23.350503003214918,19.099988444594764
3822,RUL,535191,76940.8600000001,14.376336215673083,10.125821657052928
3824,MID,9188,2454.62,26.715271681411494,22.205452453623288
3824,PUL,16597,4940.979999999994,29.77059437855874,25.260775150770534
3824,RUL,419012,75346.52999999997,17.981946921477892,13.472127693689686
3825,MID,8184,1789.2299999999989,21.86282784069337,18.04047249698
3825,PUL,13993,3398.2599999999975,24.285692233632474,20.463336889919105
3825,RUL,405309,57362.67999999982,14.152818507721488,10.330463164008117
3826,MID,14443,3369.2600000000025,23.32775767480432,18.134631466581308
3826,PUL,22316,5836.450000000004,26.15390854500528,20.960782336782266
3826,RUL,575805,84065.71000000002,14.599690665273352,9.40656445705034
3828,MID,16630,3407.670000000005,20.490823184893802,15.038122611568568
3828,PUL,32499,7309.450000000002,22.49122299365503,17.038522420329794
3828,RUL,813650,103730.24999999965,12.748756876604523,7.296056303279289
3832,MID,18433,3477.3100000000145,18.864632639827462,14.077329838435652
3832,PUL,49344,10326.340000000026,20.927240371131603,16.139937569739793
3832,RUL,982662,112638.62999999977,11.462606917140722,6.675304115748911
3833,MID,16227,6082.350000000002,37.4832522917114,29.160676539134187
3833,PUL,15676,6180.8199999999915,39.4292775983636,31.106701845786382
3833,RUL,422549,126769.28999999975,30.0010885365598,21.678512783982583
3834,MID,12225,2708.530000000002,22.156569008420075,18.300732655357667
3834,PUL,39234,9296.740000000013,23.695371713602587,19.83953536054018
3834,RUL,611001,89642.5100000003,14.671411427134082,10.815575074071676
3836,MID,17542,3768.679999999996,21.48427134002829,17.641297214772674
3836,PUL,49755,11535.430000000008,23.184402364765123,19.341428239509508
3836,RUL,574062,83319.1100000004,14.51396401268435,10.670989887428735
3837,MID,19969,4350.419999999999,21.785673902050444,16.939976309493133
3837,PUL,65725,15091.380000000012,22.961470341833547,18.115772749276232
3837,RUL,840985,122947.07999999996,14.619416885994237,9.773719293436924
3840,MID,5867,1519.679999999999,25.902305927013735,20.481399353735746
3840,PUL,24474,6577.4599999999955,26.875487306316533,21.454580733038544
3840,RUL,371403,67148.78000000003,18.079742358425083,12.658835785147094
3843,MID,8335,2352.4,28.224699515654372,22.544580558550745
3843,PUL,19322,5962.720000000001,30.860000910886352,25.179881953782726
3843,RUL,515279,101362.6600000002,19.671411282932016,13.99129232582839
3844,MID,10329,2869.129999999999,27.778388270054105,21.83523085359131
3844,PUL,20915,6627.770000000004,31.68888392066109,25.745726504198295
3844,RUL,469111,95012.43000000011,20.253720334846136,14.31056291838334
3849,MID,4591,1123.8000000000004,24.480668049068512,19.646621148898898
3849,PUL,25795,6888.599999999991,26.705587471363163,21.87154057119355
3849,RUL,479990,76378.14000000007,15.912432140980648,11.078385240811034
3850,MID,11204,3089.810000000001,27.577063219173052,23.75310054519264
3850,PUL,27205,8182.989999999998,30.079283618878566,26.255320944898155
3850,RUL,627897,119445.62000000011,19.023119553370282,15.199156879389871
3852,MID,6707,1538.7800000000007,22.94392174989191,17.885814748759714
3852,PUL,24612,6114.200000000004,24.842464353611216,19.78435735247902
3852,RUL,440282,71253.05000000028,16.18351765904044,11.125410657908242
3855,MID,10213,2301.5799999999995,22.535580305047624,18.486807147640764
3855,PUL,29966,7283.139999999999,24.304462080645553,20.255688923238694
3855,RUL,407091,61943.32000000018,15.216086185463576,11.167313028056718
3860,MID,19380,3992.7299999999996,20.602538850254152,16.826642214806043
3860,PUL,88011,19401.119999999937,22.043863323984223,18.267966688536113
3860,RUL,997599,124892.87000000046,12.519342410673515,8.743445775225403
3861,MID,14664,3282.510000000005,22.384844391537836,17.82899816843583
3861,PUL,47498,11529.960000000014,24.274439640091167,19.71859341698916
3861,RUL,762719,106685.94000000018,13.987589414305553,9.431743191203548
3870,MID,17877,5221.45,29.207263697605057,25.884745609221696
3870,PUL,31261,9736.120000000008,31.14500665741906,27.8224885690357
3870,RUL,673289,140790.58999999997,20.910862946377783,17.58834485799442
3875,MID,16244,4707.489999999997,28.979282554545634,24.496401019165294
3875,PUL,34662,10692.150000000009,30.847023671815847,26.364142136435508
3875,RUL,551233,116729.63000000006,21.176085607633343,16.693204072253003
3876,MID,28026,5749.509999999991,20.51457434963699,15.564703780850257
3876,PUL,66659,14665.580000000016,22.000749271029942,17.05087870224321
3876,RUL,1155467,152171.41000000015,13.169687529474563,8.21981696068783
3878,MID,14605,3101.6400000000103,21.23706935509057,15.974805821238576
3878,PUL,57185,12511.909999999967,21.879552407448266,16.617288873596273
3878,RUL,664709,102632.54000000015,15.44022701671975,10.177963482867757
3879,MID,9896,2952.1199999999944,29.8301267587388,21.971734648700856
3879,PUL,50774,16174.12000000001,31.855092585881696,23.996700475843753
3879,RUL,569803,127151.4300000004,22.3149979840123,14.456605873974357
3880,MID,4268,898.9700000000012,21.063357836217232,14.102460965825468
3880,PUL,8105,1934.2800000000025,23.866134070748558,16.905237200356794
3880,RUL,345457,49191.62999999989,14.239585067087901,7.278688196696137
3881,MID,2852,623.6600000000002,21.86781413725467,14.787397907285985
3881,PUL,12354,3071.310000000003,24.861251227658425,17.78083499768974
3881,RUL,345643,48138.28999999998,13.927172171905866,6.8467559419371815
3886,MID,10844,2278.4900000000034,21.01161430492845,16.23805733709983
3886,PUL,25453,5824.870000000019,22.88506533665003,18.111508368821408
3886,RUL,614539,80823.62000000023,13.15190905688762,8.378352089059
3887,MID,13060,3195.150000000006,24.46577525071077,17.527542758267483
3887,PUL,27225,7211.44000000001,26.48856875505633,19.550336262613044
3887,RUL,728337,120683.22999999975,16.569701586974897,9.63146909453161
3890,MID,44957,14790.54000000003,32.899513073842606,26.00921222365951
3890,PUL,95850,32992.51000000001,34.4208374135198,27.530536563336703
3890,RUL,1325708,342271.8999999997,25.818049818985767,18.927748968802675
3891,MID,9853,2534.3999999999965,25.722303055497775,20.594018188982695
3891,PUL,12937,3632.899999999998,28.08214465987821,22.95385979336313
3891,RUL,394658,70406.02000000002,17.839746202861676,12.711461336346593
3894,MID,10344,2277.3599999999974,22.01518991649081,16.8878921927895
3894,PUL,27953,7054.749999999993,25.238181932205634,20.110884208504324
3894,RUL,538641,75455.62999999971,14.008518652856539,8.88122092915523
3898,MID,9311,2084.7399999999957,22.389309183800872,18.211264002472472
3898,PUL,17756,4411.859999999993,24.846842402268017,20.668797220939616
3898,RUL,425550,61181.61999999988,14.377086093911013,10.199040912582612
3899,MID,15151,3744.420000000006,24.71459135898179,18.89662972013898
3899,PUL,26041,7083.6699999999955,27.20214794848462,21.38418630964181
3899,RUL,676003,107693.41999999975,15.930899470478499,10.112937831635687
4041,MID,63662,12266.329999999994,19.267988805326347,16.602356567471446
4041,PUL,127549,26191.759999999995,20.53459233991848,17.86896010206358
4041,RUL,1722160,174619.97999999952,10.139590201592211,7.473957963737311
4128,MID,24144,3797.5699999999997,15.728905679332893,12.72587612865849
4128,PUL,34416,6055.520000000004,17.595077171977334,14.59204762130293
4128,RUL,1371798,89915.9099999997,6.554602036431634,3.5515724857572306
4129,MID,13052,2428.9600000000064,18.609758431550834,16.045502252580235
4129,PUL,36065,7325.5,20.3117785218421,17.747522342871502
4129,RUL,653289,60682.47999999963,9.28876860020362,6.72451242123302
4131,MID,52016,9795.12000000001,18.83097544661213,16.02998359806506
4131,PUL,105798,21347.939999999944,20.178088101874813,17.377096253327743
4131,RUL,1005029,100059.27999999956,9.955862040616998,7.154870192069928
4133,MID,25036,4675.84,18.676571073515,15.602325157454594
4133,PUL,55150,11167.710000000014,20.249724682359123,17.175478766298717
4133,RUL,1272536,115486.1399999999,9.075274884168298,6.001028968107892
4137,MID,20902,3973.0900000000074,19.008396564442954,15.918966739213893
4137,PUL,50550,10324.119999999974,20.42357212868413,17.334142303455067
4137,RUL,889895,85285.15999999968,9.58373194305406,6.494302117825
4139,MID,32542,5352.990000000005,16.449496846656615,13.22431673697176
4139,PUL,63877,11569.940000000002,18.11279536455313,14.887615254868274
4139,RUL,1594644,118337.8199999996,7.420955905446075,4.19577579576122
4147,MID,26326,4994.209999999988,18.970501919989285,15.55851632850193
4147,PUL,83552,11266.879999999986,13.484879282235315,10.07289369074796
4147,RUL,1133386,114372.37,10.09121514195327,6.679229550465916
4150,MID,20326,3505.41,17.245563599537444,13.827172313347447
4150,PUL,30428,5997.069999999996,19.709194670738007,16.29080338454801
4150,RUL,1151069,88392.77999999956,7.679188252537175,4.260796966347177
4153,MID,26828,5057.339999999989,18.85112977286004,15.685238894752747
4153,PUL,54538,11258.319999999992,20.643172587584797,17.477281709477502
4153,RUL,1297432,132800.2499999993,10.235623895988248,7.069733017880952
4155,MID,31690,5118.610000000008,16.15192613535963,13.615155484713924
4155,PUL,60692,10040.75999999998,16.54383633202268,14.007065681376972
4155,RUL,1343955,96755.7899999998,7.19933247051575,4.662561819870043
4156,MID,21529,4058.330000000001,18.850420374783525,15.360930212436863
4156,PUL,35708,7350.189999999973,20.583897137839614,17.09440697549295
4156,RUL,1115101,102173.12000000034,9.16267506188989,5.673184899543228
4171,MID,49262,6226.859999999986,12.640380755422914,8.252439972975225
4171,PUL,147326,18885.500000000015,12.818841924011828,8.430901141564139
4171,RUL,1129496,119446.21999999997,10.575181500669318,6.18724071822163
4173,MID,5854,1113.6800000000017,19.024637151101274,14.750533800634374
4173,PUL,44378,7902.700000000019,17.807751679807087,13.533648329340187
4173,RUL,600500,57192.41999999987,9.524132112091152,5.250028761624252
4174,MID,32654,4516.0100000000075,13.829689466280229,8.68451618609669
4174,PUL,75097,10870.350000000035,14.475074850172865,9.329901569989328
4174,RUL,1179979,134820.41000000027,11.425660979893019,6.280487699709481
4175,MID,37335,3607.3700000000063,9.662175149045273,4.561977724978866
4175,PUL,102157,10560.849999999982,10.337850166488623,5.237652742422216
4175,RUL,1011264,95698.46999999986,9.463251973976666,4.363054549910259
4177,MID,25157,2849.030000000006,11.32494363524798,6.441075971136268
4177,PUL,94317,10733.070000000007,11.37978524376449,6.495917579652778
4177,RUL,567056,63553.36999999975,11.20760924113201,6.323741577020298
4180,MID,26814,4489.9200000000055,16.74485359758404,13.688705676871539
4180,PUL,36428,6754.920000000013,18.543350034350244,15.487202113637743
4180,RUL,1161960,84465.06000000006,7.26918669785031,4.21303877713781
4181,MID,35965,6047.2000000000335,16.81433943505641,13.783157602176539
4181,PUL,89615,15906.120000000039,17.749419390475115,14.718237557595243
4181,RUL,1428334,113126.84000000032,7.920193661446495,4.889011828566623
4182,MID,16274,2539.069999999998,15.601606300540205,12.750865129209826
4182,PUL,66771,9614.889999999985,14.399756182306122,11.549015010975744
4182,RUL,942327,63443.859999999986,6.732679223090182,3.8819380517598034
4184,MID,30051,6741.230000000003,22.432852901977043,19.340995242056902
4184,PUL,52455,12705.909999999982,24.22246176265922,21.130604102739078
4184,RUL,1024846,134090.5899999995,13.083976099898992,9.99211843997885
4185,MID,54796,10630.200000000019,19.399432605558708,16.935358019563665
4185,PUL,82749,17235.23999999999,20.828352151520686,18.364277565525644
4185,RUL,720317,72516.37999999966,10.067287908201275,7.6032133222062335
4186,MID,74226,14481.619999999966,19.510127216723202,16.79728357201042
4186,PUL,139382,29190.819999999978,20.943087892858294,18.230244248145514
4186,RUL,1161618,123267.23000000068,10.611685455822524,7.898841811109746
4187,MID,19376,3679.420000000001,18.989356181542718,16.534185226185308
4187,PUL,32449,6678.880000000008,20.582962246273627,18.127791290916218
4187,RUL,603256,60301.790000000095,9.996052985836341,7.540882030478931
4188,MID,26437,7063.980000000007,26.720486053977528,22.461285446877117
4188,PUL,26559,7604.439999999995,28.631903432481927,24.372702825381516
4188,RUL,1019499,176507.83000000007,17.313185203034475,13.053984595934065
4193,MID,23088,3456.899999999994,14.972606743437874,11.74290220490591
4193,PUL,26898,4567.910000000022,16.982312914649185,13.752608376117221
4193,RUL,1143257,68688.53000000003,6.008141784516337,2.778437245984373
4199,MID,6250,1451.039999999999,23.21510594579908,19.757948395851415
4199,PUL,34108,7796.650000000005,22.85894672550314,19.401789175555475
4199,RUL,529459,72031.9699999998,13.604818192792292,10.147660642844626
4204,MID,14780,2639.520000000004,17.859123134862347,14.107536881138783
4204,PUL,53173,10312.879999999997,19.394902833095486,15.643316579371922
4204,RUL,624465,57652.39,9.232280978282335,5.48069472455877
4205,MID,18044,4335.59,24.028109339344635,19.98388997037483
4205,PUL,30704,7815.71999999999,25.454998340936424,21.410778971966618
4205,RUL,697030,106962.14000000025,15.3454217755431,11.301202406573296
4206,MID,32691,6728.040000000008,20.580933151336346,17.5127356895536
4206,PUL,47890,10674.560000000005,22.289781779992744,19.22158431821
4206,RUL,1334041,152117.83999999985,11.402789552771472,8.334592090988727
4207,MID,16025,3025.4800000000014,18.880231084822636,16.316805273505405
4207,PUL,41226,8709.57,21.126233244111216,18.562807432793985
4207,RUL,905155,86592.60999999999,9.566607399937665,7.003181588620434
4208,MID,33143,4992.039999999997,15.062163815770685,12.36756058481681
4208,PUL,50990,8446.610000000008,16.565118994997047,13.870515764043171
4208,RUL,1459317,97388.29999999958,6.673554318887037,3.978951087933161
4211,MID,40373,8379.030000000006,20.75413401846749,17.820213626224486
4211,PUL,51564,11467.269999999975,22.238994541073026,19.305074148830023
4211,RUL,520025,61009.530000000086,11.73202788848931,8.798107496246306
4232,MID,9595,1745.9100000000037,18.195673604480948,16.671988000413094
4232,PUL,60088,10231.830000000016,17.027942865842448,15.504257261774596
4232,RUL,560995,54663.419999999984,9.744020385397134,8.220334781329282
4233,MID,6915,1200.5600000000015,17.360741061978892,14.039939003668215
4233,PUL,24776,3915.5399999999972,15.804019406838874,12.483217348528196
4233,RUL,371521,34406.340000000004,9.260934603336954,5.940132545026277
4234,MID,26710,4371.369999999999,16.366302482675117,12.706613029652713
4234,PUL,60868,11068.080000000016,18.183808785785143,14.524119332762739
4234,RUL,1130029,87294.65000000014,7.724992423645377,4.065302970622973
4237,MID,43931,5744.219999999994,13.075554461718644,8.360875588199717
4237,PUL,102097,13538.050000000005,13.259984803670823,8.545305930151896
4237,RUL,1089789,118541.37999999998,10.87745688921465,6.162778015695723
4238,MID,15948,2294.229999999996,14.385497962342338,9.937517678318336
4238,PUL,101120,14212.520000000048,14.055087558745779,9.607107274721777
4238,RUL,1022496,118309.63000000024,11.570668795100042,7.12268851107604
4239,MID,117605,10295.14999999998,8.754024922120482,3.917053966283137
4239,PUL,324219,29631.850000000035,9.13945300719892,4.302482051361575
4239,RUL,1421887,129140.81999999989,9.082356523558348,4.245385567721002
4240,MID,43213,4522.449999999997,10.46548468133467,4.007176648960346
4240,PUL,101162,10636.849999999991,10.514624638521926,4.056316606147602
4240,RUL,726301,73954.03999999992,10.182284941450698,3.7239769090763737
4241,MID,47323,6049.909999999982,12.784355232689041,8.020214922115734
4241,PUL,97659,12602.61999999998,12.90472344731875,8.140583136745445
4241,RUL,1130544,118205.57999999973,10.45564175306307,5.691501442489764
4242,MID,36147,5043.700000000008,13.953175955532664,8.91737408822323
4242,PUL,75609,11057.69,14.624894532614647,9.589092665305213
4242,RUL,1064449,123126.43999999994,11.567152322364285,6.5313504550548505
4255,MID,13730,2315.6299999999974,16.865947535171575,13.561773903941134
4255,PUL,70230,10982.359999999979,15.63762497124104,12.333451340010601
4255,RUL,771284,64615.15999999957,8.377610447519046,5.0734368162886065
4260,MID,36113,5922.000000000018,16.39854682624158,13.779497550126756
4260,PUL,115180,19171.929999999993,16.64512062595049,14.026071349835664
4260,RUL,1945298,149891.84999999916,7.705342279864309,5.086293003749483
4263,MID,33275,4775.379999999994,14.351055010113592,9.842505967967195
4263,PUL,77613,11471.350000000013,14.780261352555858,10.27171231040946
4263,RUL,866064,101805.1399999999,11.75491877985225,7.246369737705853
4267,MID,11238,1806.92,16.078172385214824,13.475900564639176
4267,PUL,66265,9655.940000000024,14.57176521251341,11.969493391937764
4267,RUL,659124,47732.55000000028,7.241811060192075,4.639539239616427
4268,MID,50694,9811.230000000003,19.35371814064267,15.712356283584096
4268,PUL,89283,18449.96000000008,20.664673206469455,17.023311349410882
4268,RUL,1458670,152357.52000000048,10.444958083260843,6.803596226202269
4269,MID,32074,4475.559999999994,13.953674857015313,10.925433631585122
4269,PUL,60119,9488.339999999997,15.782584196437421,12.75434297100723
4269,RUL,1459928,68158.58000000077,4.668624569875044,1.640383344444854
4270,MID,52737,8674.599999999962,16.44889786733564,13.1642965824299
4270,PUL,77397,13872.520000000004,17.923855977706214,14.639254692800476
4270,RUL,1601611,117803.39000000013,7.355307613217557,4.070706328311818
4271,MID,26894,3766.41,14.004897313371503,11.069107849410164
4271,PUL,60554,9562.62999999999,15.791890141925405,12.856100677964067
4271,RUL,1675734,78306.95000000019,4.672993555197989,1.7372040912366509
4272,MID,23884,4385.049999999992,18.359916668282086,15.324375518179307
4272,PUL,71031,14030.899999999994,19.75315740232148,16.7176162522187
4272,RUL,1003234,97305.59000000032,9.699190170127512,6.663649020024733
4273,MID,27273,3888.1200000000026,14.256481438839389,11.127202596958972
4273,PUL,74412,10811.970000000016,14.529800600241572,11.400521758361155
4273,RUL,1701808,91424.30000000005,5.372185142128312,2.2429063002478946
4280,MID,22994,3446.130000000001,14.987022319731322,12.639517504977825
4280,PUL,108571,14405.870000000026,13.268600473492356,10.921095658738858
4280,RUL,1186774,73613.28999999957,6.202805232114195,3.8553004173606973
4281,MID,39083,6205.490000000009,15.877885494661495,13.719087895414493
4281,PUL,110794,18913.109999999946,17.070532588041996,14.911734988794993
4281,RUL,1460865,113190.44999999949,7.748182318496968,5.589384719249965
4288,MID,27984,4808.740000000005,17.183646401827207,14.212939852500796
4288,PUL,46323,8805.460000000014,19.0087209744115,16.038014425085088
4288,RUL,1176783,94680.77999999997,8.045728587326986,5.075022038000574
4289,MID,9450,1788.9199999999946,18.92959916447842,16.262801962326286
4289,PUL,30032,6196.080000000016,20.631431526824482,17.964634324672346
4289,RUL,534664,54022.07000000012,10.103933471428125,7.437136269275989
4297,MID,69341,6545.489999999998,9.439621912676115,4.525027158778387
4297,PUL,225988,21308.16999999992,9.4288943711268,4.514299617229072
4297,RUL,1031539,98090.99999999977,9.509187261075052,4.594592507177324
4299,MID,38101,5986.7699999999895,15.712875704252289,12.97399173925496
4299,PUL,61404,10738.4,17.48811778937188,14.749233824374551
4299,RUL,1674238,111698.94000000018,6.671628749085394,3.9327447840880647
4301,MID,32326,6872.350000000013,21.259801183342216,18.006543818249327
4301,PUL,50125,11418.03000000002,22.7791290339706,19.525871668877713
4301,RUL,990995,122074.72999999986,12.318402729533593,9.065145364440706
4318,MID,17212,3672.950000000008,21.33947618048044,18.357716453299457
4318,PUL,27148,6370.820000000013,23.46711501627647,20.485355289095487
4318,RUL,671474,80060.5,11.92309498666266,8.941335259481676
4341,MID,39353,5217.620000000006,13.258511730647934,9.46800299522614
4341,PUL,122894,16304.24000000002,13.26693130159588,9.476422566174087
4341,RUL,669021,75806.95999999996,11.331034908909082,7.540526173487289
4361,MID,107359,21418.080000000016,19.94996580677309,17.522415632668945
4361,PUL,162863,34612.09,21.25232179568954,18.824771621585395
4361,RUL,1424553,156988.3099999996,11.020180504595618,8.592630330491474
4362,MID,107620,18633.109999999986,17.313798228697294,14.888622957108467
4362,PUL,153901,28736.249999999913,18.671958377697415,16.246783106108587
4362,RUL,1526830,127897.09000000078,8.376641785955071,5.951466514366244
4372,MID,71059,13370.160000000018,18.815655225890733,15.9240901130782
4372,PUL,128220,25626.619999999995,19.986412594289245,17.094847481476712
4372,RUL,1031057,101302.9699999995,9.825152512520251,6.933587399707719
4373,MID,30934,5824.360000000008,18.82848664465881,15.266331330145736
4373,PUL,70005,13945.460000000021,19.92066423260228,16.358508918089207
4373,RUL,1017759,98389.6399999999,9.667280550889492,6.105125236376417
4400,MID,26981,7269.079999999984,26.94137648422867,22.197997273287292
4400,PUL,34871,10057.419999999984,28.841641909591925,24.098262698650544
4400,RUL,1088444,191612.20000000007,17.604236973762763,12.860857762821384
4452,MID,45216,5707.570000000029,12.622828623655113,8.267599349622232
4452,PUL,123212,15919.99000000002,12.920829111944862,8.56559983791198
4452,RUL,1202607,126794.48000000033,10.543302405307491,6.18807313127461
5001,MID,56081,10723.230000000012,19.121132908263558,16.72371249436417
5001,PUL,129955,26661.330000000016,20.515876688095034,18.118456274195644
5001,RUL,1572121,161628.02999999942,10.280890460485228,7.88347004658584
5501,MID,12310,2217.500000000002,18.013960636713712,17.924019129623023
5501,PUL,28431,5625.50999999999,19.786782888675194,19.696841381584505
5501,RUL,476091,40496.930000000124,8.506131748624647,8.41619024153396
7204,MID,,,,-2.10226163533632
7204,PUL,23332,4654.470000000002,19.948868506771824,17.846606871435505
7204,RUL,265130,32471.63000000011,12.24743710632524,10.14517547098892
7207,MID,,,,-2.1973759794763117
7207,PUL,30671,5841.199999999997,19.04470020540575,16.847324225929437
7207,RUL,366064,40588.58999999997,11.087839831286324,8.890463851810011
7219,MID,,,,-2.3572297800461337
7219,PUL,44652,4937.439999999985,11.057601003314488,8.700371223268355
7219,RUL,367231,25783.720000000085,7.021117498250443,4.663887718204309
7222,MID,,,,-1.9916766839223974
7222,PUL,37343,6215.600000000006,16.64461880405968,14.652942120137281
7222,RUL,525749,45635.100000000064,8.680016509779394,6.688339825856996
7231,MID,,,,-1.3717049594475306
7231,PUL,44339,7952.829999999978,17.93642166038922,16.56471670094169
7231,RUL,411867,43815.2999999999,10.63821573469103,9.2665107752435
7237,MID,,,,-1.8170546727020331
7237,PUL,94733,13295.949999999946,14.035183093536515,12.218128420834482
7237,RUL,1041753,68831.53999999988,6.607280228614641,4.790225555912608
7245,MID,,,,-3.191407876910704
7245,PUL,48673,11434.080000000025,23.491627801861455,20.300219924950753
7245,RUL,717666,117809.33999999978,16.41562230898493,13.224214432074225
7248,MID,,,,-2.7896743659343617
7248,PUL,71663,17411.82000000004,24.29680588309175,21.50713151715739
7248,RUL,513952,83484.95000000014,16.243725094950527,13.454050729016165
7251,MID,,,,-1.4381252369702804
7251,PUL,23493,4248.349999999987,18.083471672413005,16.645346435442725
7251,RUL,321190,31778.830000000096,9.894090725116005,8.455965488145724
7253,MID,,,,-6.052483354630438
7253,PUL,19721,5366.879999999998,27.214035799401643,21.161552444771203
7253,RUL,234041,46140.25999999997,19.714605560564163,13.662122205933724
7257,MID,,,,-2.9377416422297764
7257,PUL,43111,10167.78000000001,23.585117487416227,20.64737584518645
7257,RUL,554928,91600.87000000011,16.50680268431222,13.569061042082444
7262,MID,,,,-2.8824813866182457
7262,PUL,74748,9867.049999999992,13.200420078129168,10.317938691510923
7262,RUL,588580,38903.18,6.609667334941724,3.7271859483234784
7266,MID,,,,-3.548097320342949
7266,PUL,44016,11659.989999999989,26.49034442021081,22.942247099867863
7266,RUL,623673,117028.08999999982,18.76433483572318,15.21623751538023
7267,MID,,,,-1.7310411945919444
7267,PUL,84235,11940.510000000048,14.175235947052943,12.444194752461
7267,RUL,914024,61985.380000000114,6.781592168258177,5.050550973666232
7272,MID,,,,-1.4761682263627651
7272,PUL,79248,12897.219999999923,16.274505350292653,14.798337123929889
7272,RUL,1184282,100908.74000000006,8.520668219224818,7.044499992862053
7274,MID,,,,-4.08897409878063
7274,PUL,34907,9445.669999999986,27.059529607242062,22.97055550846143
7274,RUL,528305,104311.87000000017,19.74463046914191,15.65565637036128
7275,MID,,,,-3.369836678080882
7275,PUL,39908,10259.809999999992,25.708654906284433,22.33881822820355
7275,RUL,415259,77742.48999999995,18.721446133617803,15.351609455536922
7278,MID,,,,-5.869205803826417
7278,PUL,19620,5549.549999999991,28.285168195718608,22.41596239189219
7278,RUL,202677,40331.15999999999,19.899228822214653,14.030023018388235
7287,MID,,,,-1.6317871424273571
7287,PUL,149434,26605.95000000003,17.804482246342886,16.17269510391553
7287,RUL,1254323,133964.34000000046,10.680210759110729,9.048423616683372
7291,MID,,,,-1.8404689250317587
7291,PUL,43477,8098.110000000029,18.626193159601694,16.785724234569937
7291,RUL,717206,70362.12000000008,9.810587195310703,7.9701182702789435
7292,MID,,,,-1.3469226235991447
7292,PUL,44621,8459.019999999982,18.957486385334217,17.610563761735072
7292,RUL,426509,47865.76000000003,11.222684632680679,9.875762009081534
